question_kr,age_kr,gender,pct_sd,pct_d,pct_n,pct_a,pct_sa,keyword_kr
"어떤 사람이 약자나 취약한 위치에 있는 사람을 신경쓰거나 돌보는 것은 중요하다.",20대,남성,2.0800,7.8500,22.3900,48.7000,18.9700,"공감 헤모글로빈"
"어떤 사람이 약자나 취약한 위치에 있는 사람을 신경쓰거나 돌보는 것은 중요하다.",30대,남성,2.9700,6.3600,27.2900,50.6400,12.7500,"공감 헤모글로빈"
"어떤 사람이 약자나 취약한 위치에 있는 사람을 신경쓰거나 돌보는 것은 중요하다.",40대,남성,1.1200,4.0400,19.5800,54.9100,20.3600,"공감 헤모글로빈"
"어떤 사람이 약자나 취약한 위치에 있는 사람을 신경쓰거나 돌보는 것은 중요하다.",50대,남성,0.9700,2.0500,8.0400,68.2700,20.6700,"공감 헤모글로빈"
"어떤 사람이 약자나 취약한 위치에 있는 사람을 신경쓰거나 돌보는 것은 중요하다.",60대,남성,0.3100,1.3300,3.1400,51.7900,43.4300,"공감 헤모글로빈"
"어떤 사람이 약자나 취약한 위치에 있는 사람을 신경쓰거나 돌보는 것은 중요하다.",70대 이상,남성,0.8100,0.8400,2.1100,60.1000,36.1400,"공감 헤모글로빈"
"어떤 사람이 약자나 취약한 위치에 있는 사람을 신경쓰거나 돌보는 것은 중요하다.",20대,여성,2.7500,4.0100,20.1400,52.9300,20.1700,"공감 헤모글로빈"
"어떤 사람이 약자나 취약한 위치에 있는 사람을 신경쓰거나 돌보는 것은 중요하다.",30대,여성,1.3500,3.6200,25.0200,53.3600,16.6500,"공감 헤모글로빈"
"어떤 사람이 약자나 취약한 위치에 있는 사람을 신경쓰거나 돌보는 것은 중요하다.",40대,여성,0.4100,3.4900,17.4100,60.9200,17.7800,"공감 헤모글로빈"
"어떤 사람이 약자나 취약한 위치에 있는 사람을 신경쓰거나 돌보는 것은 중요하다.",50대,여성,0.0000,3.3600,11.7700,64.4400,20.4200,"공감 헤모글로빈"
"어떤 사람이 약자나 취약한 위치에 있는 사람을 신경쓰거나 돌보는 것은 중요하다.",60대,여성,0.3500,0.6800,2.5800,55.0500,41.3300,"공감 헤모글로빈"
"어떤 사람이 약자나 취약한 위치에 있는 사람을 신경쓰거나 돌보는 것은 중요하다.",70대 이상,여성,0.0000,1.9000,11.9100,52.6600,33.5200,"공감 헤모글로빈"
"나와 같은 계층(소득, 자산)의 사람들은 충분히 보상을 받고 있다.",20대,남성,11.5900,27.2900,40.0800,16.0800,4.9600,"정체성 단백"
"나와 같은 계층(소득, 자산)의 사람들은 충분히 보상을 받고 있다.",30대,남성,15.7200,32.3800,37.1300,9.2500,5.5100,"정체성 단백"
"나와 같은 계층(소득, 자산)의 사람들은 충분히 보상을 받고 있다.",40대,남성,11.8400,37.0200,36.5800,12.6900,1.8700,"정체성 단백"
"나와 같은 계층(소득, 자산)의 사람들은 충분히 보상을 받고 있다.",50대,남성,13.0500,43.0400,34.8600,7.7200,1.3400,"정체성 단백"
"나와 같은 계층(소득, 자산)의 사람들은 충분히 보상을 받고 있다.",60대,남성,7.6100,34.5600,35.8700,18.4600,3.5000,"정체성 단백"
"나와 같은 계층(소득, 자산)의 사람들은 충분히 보상을 받고 있다.",70대 이상,남성,5.7400,31.1400,36.1600,23.1300,3.8300,"정체성 단백"
"나와 같은 계층(소득, 자산)의 사람들은 충분히 보상을 받고 있다.",20대,여성,12.5100,27.2500,45.3600,13.0800,1.8100,"정체성 단백"
"나와 같은 계층(소득, 자산)의 사람들은 충분히 보상을 받고 있다.",30대,여성,18.5400,39.4000,35.2800,6.3300,0.4400,"정체성 단백"
"나와 같은 계층(소득, 자산)의 사람들은 충분히 보상을 받고 있다.",40대,여성,15.4800,42.7700,34.7500,6.2300,0.7700,"정체성 단백"
"나와 같은 계층(소득, 자산)의 사람들은 충분히 보상을 받고 있다.",50대,여성,13.0800,39.9500,39.9400,5.7000,1.3300,"정체성 단백"
"나와 같은 계층(소득, 자산)의 사람들은 충분히 보상을 받고 있다.",60대,여성,4.9200,34.4500,42.0100,16.8600,1.7500,"정체성 단백"
"나와 같은 계층(소득, 자산)의 사람들은 충분히 보상을 받고 있다.",70대 이상,여성,5.5000,27.3800,39.4600,23.6300,4.0300,"정체성 단백"
"세상에는 상대적으로 남보다 더 우월한 사람들이 있다",20대,남성,3.3200,8.7300,21.1300,45.3400,21.4700,"우열 수용체"
"세상에는 상대적으로 남보다 더 우월한 사람들이 있다",30대,남성,2.5600,10.1500,19.6700,45.3400,22.2800,"우열 수용체"
"세상에는 상대적으로 남보다 더 우월한 사람들이 있다",40대,남성,1.4700,7.3900,20.3800,51.1000,19.6500,"우열 수용체"
"세상에는 상대적으로 남보다 더 우월한 사람들이 있다",50대,남성,1.9900,3.9700,11.3000,62.3500,20.4000,"우열 수용체"
"세상에는 상대적으로 남보다 더 우월한 사람들이 있다",60대,남성,2.2500,12.5900,13.8000,52.8100,18.5500,"우열 수용체"
"세상에는 상대적으로 남보다 더 우월한 사람들이 있다",70대 이상,남성,3.3400,7.1100,18.1800,56.6000,14.7700,"우열 수용체"
"세상에는 상대적으로 남보다 더 우월한 사람들이 있다",20대,여성,1.7800,11.2500,21.8600,48.5700,16.5500,"우열 수용체"
"세상에는 상대적으로 남보다 더 우월한 사람들이 있다",30대,여성,1.7900,7.7200,18.0900,50.6500,21.7500,"우열 수용체"
"세상에는 상대적으로 남보다 더 우월한 사람들이 있다",40대,여성,1.1600,5.7300,16.9900,63.0100,13.1100,"우열 수용체"
"세상에는 상대적으로 남보다 더 우월한 사람들이 있다",50대,여성,1.3500,3.6700,13.0900,64.7900,17.1000,"우열 수용체"
"세상에는 상대적으로 남보다 더 우월한 사람들이 있다",60대,여성,4.0900,5.3300,14.6800,65.2200,10.6700,"우열 수용체"
"세상에는 상대적으로 남보다 더 우월한 사람들이 있다",70대 이상,여성,0.8400,9.9900,23.6600,55.4200,10.0800,"우열 수용체"
"나는 외국에서 자연재해가 발생하면 짜릿함을 느낀다.",20대,남성,53.8100,21.7700,14.0900,7.0200,3.3100,"구조 백혈구"
"나는 외국에서 자연재해가 발생하면 짜릿함을 느낀다.",30대,남성,51.0300,25.0300,13.7000,6.8400,3.4100,"구조 백혈구"
"나는 외국에서 자연재해가 발생하면 짜릿함을 느낀다.",40대,남성,43.3400,37.7200,10.7400,7.0800,1.1100,"구조 백혈구"
"나는 외국에서 자연재해가 발생하면 짜릿함을 느낀다.",50대,남성,49.4000,35.2800,10.0300,4.9600,0.3400,"구조 백혈구"
"나는 외국에서 자연재해가 발생하면 짜릿함을 느낀다.",60대,남성,47.7500,45.3100,2.5000,3.3600,1.0800,"구조 백혈구"
"나는 외국에서 자연재해가 발생하면 짜릿함을 느낀다.",70대 이상,남성,32.4700,45.2200,10.3600,9.0600,2.9000,"구조 백혈구"
"나는 외국에서 자연재해가 발생하면 짜릿함을 느낀다.",20대,여성,64.5800,18.3500,10.3300,5.8600,0.8900,"구조 백혈구"
"나는 외국에서 자연재해가 발생하면 짜릿함을 느낀다.",30대,여성,62.2100,24.2100,9.1000,4.4800,0.0000,"구조 백혈구"
"나는 외국에서 자연재해가 발생하면 짜릿함을 느낀다.",40대,여성,57.8600,29.7700,10.4200,1.9500,0.0000,"구조 백혈구"
"나는 외국에서 자연재해가 발생하면 짜릿함을 느낀다.",50대,여성,55.0900,32.5100,9.3900,2.3400,0.6700,"구조 백혈구"
"나는 외국에서 자연재해가 발생하면 짜릿함을 느낀다.",60대,여성,51.2700,42.1500,2.9600,3.6200,0.0000,"구조 백혈구"
"나는 외국에서 자연재해가 발생하면 짜릿함을 느낀다.",70대 이상,여성,36.8100,44.1700,8.9600,8.7400,1.3200,"구조 백혈구"
"모든 사람이 평등하게 대우 받는 것이 중요하다.",20대,남성,2.4800,6.2000,37.6000,36.8000,16.9200,"공감 헤모글로빈"
"모든 사람이 평등하게 대우 받는 것이 중요하다.",30대,남성,3.4400,8.9300,27.4000,40.8900,19.3500,"공감 헤모글로빈"
"모든 사람이 평등하게 대우 받는 것이 중요하다.",40대,남성,1.1200,7.7900,26.6100,43.3000,21.1800,"공감 헤모글로빈"
"모든 사람이 평등하게 대우 받는 것이 중요하다.",50대,남성,0.0000,4.3600,18.6500,50.2300,26.7600,"공감 헤모글로빈"
"모든 사람이 평등하게 대우 받는 것이 중요하다.",60대,남성,0.9800,4.3400,8.3200,42.4600,43.9000,"공감 헤모글로빈"
"모든 사람이 평등하게 대우 받는 것이 중요하다.",70대 이상,남성,0.4400,4.8800,9.3900,50.0200,35.2700,"공감 헤모글로빈"
"모든 사람이 평등하게 대우 받는 것이 중요하다.",20대,여성,1.3300,4.9500,25.6300,48.3800,19.7100,"공감 헤모글로빈"
"모든 사람이 평등하게 대우 받는 것이 중요하다.",30대,여성,1.3800,4.0800,30.8600,45.6800,18.0000,"공감 헤모글로빈"
"모든 사람이 평등하게 대우 받는 것이 중요하다.",40대,여성,1.1700,3.4200,28.6300,45.2300,21.5600,"공감 헤모글로빈"
"모든 사람이 평등하게 대우 받는 것이 중요하다.",50대,여성,0.6700,4.0700,15.1600,54.3200,25.7800,"공감 헤모글로빈"
"모든 사람이 평등하게 대우 받는 것이 중요하다.",60대,여성,0.7000,8.1200,9.7800,48.2100,33.1900,"공감 헤모글로빈"
"모든 사람이 평등하게 대우 받는 것이 중요하다.",70대 이상,여성,1.2600,2.3300,8.4200,55.9400,32.0400,"공감 헤모글로빈"
"노력하는 만큼 소득에 차이가 나야 한다.",20대,남성,2.4800,6.6100,21.8800,47.9900,21.0400,"우열 수용체"
"노력하는 만큼 소득에 차이가 나야 한다.",30대,남성,2.1500,7.6300,26.8700,48.1400,15.2100,"우열 수용체"
"노력하는 만큼 소득에 차이가 나야 한다.",40대,남성,1.1200,9.6000,27.0700,46.2200,15.9800,"우열 수용체"
"노력하는 만큼 소득에 차이가 나야 한다.",50대,남성,0.3400,2.0200,21.0100,62.6500,13.9900,"우열 수용체"
"노력하는 만큼 소득에 차이가 나야 한다.",60대,남성,1.7000,2.9700,6.9300,57.2900,31.1000,"우열 수용체"
"노력하는 만큼 소득에 차이가 나야 한다.",70대 이상,남성,0.4500,2.4600,4.2900,60.1900,32.6100,"우열 수용체"
"노력하는 만큼 소득에 차이가 나야 한다.",20대,여성,0.9000,6.2500,26.4100,55.2300,11.2100,"우열 수용체"
"노력하는 만큼 소득에 차이가 나야 한다.",30대,여성,0.4400,5.4500,29.3200,52.0100,12.7700,"우열 수용체"
"노력하는 만큼 소득에 차이가 나야 한다.",40대,여성,0.3800,4.2700,23.5500,61.4200,10.3800,"우열 수용체"
"노력하는 만큼 소득에 차이가 나야 한다.",50대,여성,0.3400,4.3800,20.5200,64.0800,10.6900,"우열 수용체"
"노력하는 만큼 소득에 차이가 나야 한다.",60대,여성,0.5300,2.2300,7.5700,63.9500,25.7200,"우열 수용체"
"노력하는 만큼 소득에 차이가 나야 한다.",70대 이상,여성,0.0000,3.5200,6.8400,65.5500,24.1000,"우열 수용체"
"나와 같은 세대의 사람들이 충분히 보상을 받고 있다.",20대,남성,15.2700,33.8500,31.4000,14.9700,4.5100,"정체성 단백"
"나와 같은 세대의 사람들이 충분히 보상을 받고 있다.",30대,남성,14.8400,39.0900,33.2500,10.2800,2.5400,"정체성 단백"
"나와 같은 세대의 사람들이 충분히 보상을 받고 있다.",40대,남성,12.2200,35.5000,37.0200,12.2700,2.9900,"정체성 단백"
"나와 같은 세대의 사람들이 충분히 보상을 받고 있다.",50대,남성,12.0200,40.7200,39.2500,7.3300,0.6700,"정체성 단백"
"나와 같은 세대의 사람들이 충분히 보상을 받고 있다.",60대,남성,5.7100,34.7900,35.2000,21.3800,2.9200,"정체성 단백"
"나와 같은 세대의 사람들이 충분히 보상을 받고 있다.",70대 이상,남성,3.6700,30.3000,37.6800,23.8100,4.5400,"정체성 단백"
"나와 같은 세대의 사람들이 충분히 보상을 받고 있다.",20대,여성,8.0700,37.5800,43.1600,8.4500,2.7400,"정체성 단백"
"나와 같은 세대의 사람들이 충분히 보상을 받고 있다.",30대,여성,18.6100,39.7700,32.2100,7.6200,1.8000,"정체성 단백"
"나와 같은 세대의 사람들이 충분히 보상을 받고 있다.",40대,여성,17.0000,45.0700,31.6600,5.4900,0.7800,"정체성 단백"
"나와 같은 세대의 사람들이 충분히 보상을 받고 있다.",50대,여성,11.7300,40.3200,38.8800,7.4000,1.6700,"정체성 단백"
"나와 같은 세대의 사람들이 충분히 보상을 받고 있다.",60대,여성,5.1000,33.5200,38.9100,21.3100,1.1600,"정체성 단백"
"나와 같은 세대의 사람들이 충분히 보상을 받고 있다.",70대 이상,여성,5.2100,24.6200,37.7700,28.4200,3.9800,"정체성 단백"
"고통받는 사람들에 대한 연민과 동정이 사람으로서 가장 중요한 덕목이다.",20대,남성,3.3200,11.9600,36.4400,34.6700,13.6000,"공감 헤모글로빈"
"고통받는 사람들에 대한 연민과 동정이 사람으로서 가장 중요한 덕목이다.",30대,남성,4.3000,12.8200,37.8200,37.7800,7.2700,"공감 헤모글로빈"
"고통받는 사람들에 대한 연민과 동정이 사람으로서 가장 중요한 덕목이다.",40대,남성,1.4600,7.3800,35.5800,45.9500,9.6200,"공감 헤모글로빈"
"고통받는 사람들에 대한 연민과 동정이 사람으로서 가장 중요한 덕목이다.",50대,남성,0.6500,3.6600,27.0300,56.9300,11.7300,"공감 헤모글로빈"
"고통받는 사람들에 대한 연민과 동정이 사람으로서 가장 중요한 덕목이다.",60대,남성,0.9900,2.7100,10.2100,52.7000,33.3900,"공감 헤모글로빈"
"고통받는 사람들에 대한 연민과 동정이 사람으로서 가장 중요한 덕목이다.",70대 이상,남성,0.0000,2.0800,9.7100,60.1100,28.1000,"공감 헤모글로빈"
"고통받는 사람들에 대한 연민과 동정이 사람으로서 가장 중요한 덕목이다.",20대,여성,4.4400,13.9500,43.4800,30.1000,8.0500,"공감 헤모글로빈"
"고통받는 사람들에 대한 연민과 동정이 사람으로서 가장 중요한 덕목이다.",30대,여성,3.5900,14.4800,39.8800,33.5600,8.4900,"공감 헤모글로빈"
"고통받는 사람들에 대한 연민과 동정이 사람으로서 가장 중요한 덕목이다.",40대,여성,1.1700,13.1500,37.7600,38.9200,9.0000,"공감 헤모글로빈"
"고통받는 사람들에 대한 연민과 동정이 사람으로서 가장 중요한 덕목이다.",50대,여성,0.0000,12.0100,31.0100,45.9500,11.0300,"공감 헤모글로빈"
"고통받는 사람들에 대한 연민과 동정이 사람으로서 가장 중요한 덕목이다.",60대,여성,0.3800,4.3600,11.4100,54.0400,29.8200,"공감 헤모글로빈"
"고통받는 사람들에 대한 연민과 동정이 사람으로서 가장 중요한 덕목이다.",70대 이상,여성,0.0000,2.0800,16.5600,58.8000,22.5600,"공감 헤모글로빈"
"성공하기 위해서는 다른 사람을 눌러야 할 때도 있다",20대,남성,2.8900,12.4500,22.3100,45.4700,16.8700,"우열 수용체"
"성공하기 위해서는 다른 사람을 눌러야 할 때도 있다",30대,남성,3.8100,9.7700,26.0100,45.2300,15.1800,"우열 수용체"
"성공하기 위해서는 다른 사람을 눌러야 할 때도 있다",40대,남성,2.2000,10.4100,23.6500,52.2600,11.4700,"우열 수용체"
"성공하기 위해서는 다른 사람을 눌러야 할 때도 있다",50대,남성,2.7100,12.0500,22.3000,53.9400,8.9900,"우열 수용체"
"성공하기 위해서는 다른 사람을 눌러야 할 때도 있다",60대,남성,9.5700,24.0700,19.5800,40.3500,6.4300,"우열 수용체"
"성공하기 위해서는 다른 사람을 눌러야 할 때도 있다",70대 이상,남성,11.2900,32.2700,13.1600,33.1800,10.0900,"우열 수용체"
"성공하기 위해서는 다른 사람을 눌러야 할 때도 있다",20대,여성,3.6200,14.2800,27.7800,45.8400,8.4800,"우열 수용체"
"성공하기 위해서는 다른 사람을 눌러야 할 때도 있다",30대,여성,4.9400,15.0200,31.6400,42.5300,5.8600,"우열 수용체"
"성공하기 위해서는 다른 사람을 눌러야 할 때도 있다",40대,여성,1.9900,15.8400,27.5000,50.4700,4.2000,"우열 수용체"
"성공하기 위해서는 다른 사람을 눌러야 할 때도 있다",50대,여성,3.3600,18.8700,26.8700,42.9000,7.9900,"우열 수용체"
"성공하기 위해서는 다른 사람을 눌러야 할 때도 있다",60대,여성,12.0200,34.3400,21.4300,26.2200,5.9900,"우열 수용체"
"성공하기 위해서는 다른 사람을 눌러야 할 때도 있다",70대 이상,여성,16.1400,34.5900,20.5400,22.4400,6.2900,"우열 수용체"
"나는 인류의 대부분이 사라지고 소수의 사람들만 남아 새롭게 시작하는 상상을 하곤 한다.",20대,남성,36.9300,19.3300,23.6100,13.6000,6.5400,"구조 백혈구"
"나는 인류의 대부분이 사라지고 소수의 사람들만 남아 새롭게 시작하는 상상을 하곤 한다.",30대,남성,37.8400,28.9200,17.4200,14.1100,1.7200,"구조 백혈구"
"나는 인류의 대부분이 사라지고 소수의 사람들만 남아 새롭게 시작하는 상상을 하곤 한다.",40대,남성,32.9100,29.2800,19.9200,15.2700,2.6200,"구조 백혈구"
"나는 인류의 대부분이 사라지고 소수의 사람들만 남아 새롭게 시작하는 상상을 하곤 한다.",50대,남성,37.6400,33.3600,15.9600,10.6900,2.3500,"구조 백혈구"
"나는 인류의 대부분이 사라지고 소수의 사람들만 남아 새롭게 시작하는 상상을 하곤 한다.",60대,남성,46.9700,40.7700,6.2300,5.3600,0.6600,"구조 백혈구"
"나는 인류의 대부분이 사라지고 소수의 사람들만 남아 새롭게 시작하는 상상을 하곤 한다.",70대 이상,남성,35.5500,43.9000,8.6000,9.5400,2.4100,"구조 백혈구"
"나는 인류의 대부분이 사라지고 소수의 사람들만 남아 새롭게 시작하는 상상을 하곤 한다.",20대,여성,41.2700,24.6700,17.9400,11.6600,4.4600,"구조 백혈구"
"나는 인류의 대부분이 사라지고 소수의 사람들만 남아 새롭게 시작하는 상상을 하곤 한다.",30대,여성,49.7100,22.7600,13.5300,10.3800,3.6200,"구조 백혈구"
"나는 인류의 대부분이 사라지고 소수의 사람들만 남아 새롭게 시작하는 상상을 하곤 한다.",40대,여성,45.2600,27.7300,15.8400,9.6200,1.5400,"구조 백혈구"
"나는 인류의 대부분이 사라지고 소수의 사람들만 남아 새롭게 시작하는 상상을 하곤 한다.",50대,여성,45.3000,34.9200,13.7100,5.0600,1.0000,"구조 백혈구"
"나는 인류의 대부분이 사라지고 소수의 사람들만 남아 새롭게 시작하는 상상을 하곤 한다.",60대,여성,52.0700,38.6900,4.5100,4.0800,0.6600,"구조 백혈구"
"나는 인류의 대부분이 사라지고 소수의 사람들만 남아 새롭게 시작하는 상상을 하곤 한다.",70대 이상,여성,34.0800,38.1400,15.3100,10.4300,2.0400,"구조 백혈구"
"우리는 다음 세대에 살기 좋은 세상을 물려주어야 한다.",20대,남성,2.5000,5.7900,27.6300,38.4300,25.6600,"공감 헤모글로빈"
"우리는 다음 세대에 살기 좋은 세상을 물려주어야 한다.",30대,남성,0.4300,3.8200,26.6800,43.5800,25.4900,"공감 헤모글로빈"
"우리는 다음 세대에 살기 좋은 세상을 물려주어야 한다.",40대,남성,1.4900,5.2300,19.5700,50.6900,23.0200,"공감 헤모글로빈"
"우리는 다음 세대에 살기 좋은 세상을 물려주어야 한다.",50대,남성,0.0000,2.0100,13.2700,55.0300,29.6900,"공감 헤모글로빈"
"우리는 다음 세대에 살기 좋은 세상을 물려주어야 한다.",60대,남성,0.9800,1.3900,3.1100,38.2600,56.2800,"공감 헤모글로빈"
"우리는 다음 세대에 살기 좋은 세상을 물려주어야 한다.",70대 이상,남성,0.0000,0.8800,3.2400,49.0100,46.8700,"공감 헤모글로빈"
"우리는 다음 세대에 살기 좋은 세상을 물려주어야 한다.",20대,여성,0.4500,4.0800,27.2900,49.8300,18.3500,"공감 헤모글로빈"
"우리는 다음 세대에 살기 좋은 세상을 물려주어야 한다.",30대,여성,2.2500,3.5700,25.5200,42.9600,25.6900,"공감 헤모글로빈"
"우리는 다음 세대에 살기 좋은 세상을 물려주어야 한다.",40대,여성,0.0000,1.5400,20.1700,43.9400,34.3500,"공감 헤모글로빈"
"우리는 다음 세대에 살기 좋은 세상을 물려주어야 한다.",50대,여성,0.3300,2.6900,10.6700,52.4200,33.8900,"공감 헤모글로빈"
"우리는 다음 세대에 살기 좋은 세상을 물려주어야 한다.",60대,여성,0.0000,0.6600,2.7300,45.5300,51.0800,"공감 헤모글로빈"
"우리는 다음 세대에 살기 좋은 세상을 물려주어야 한다.",70대 이상,여성,0.0000,0.0000,3.4400,46.0100,50.5400,"공감 헤모글로빈"
"아이를 갖는 것은 사회에 대한 의무다.",20대,남성,19.8900,25.2600,30.8600,15.3100,8.6800,"정체성 단백"
"아이를 갖는 것은 사회에 대한 의무다.",30대,남성,19.2000,30.3300,30.9900,15.2400,4.2400,"정체성 단백"
"아이를 갖는 것은 사회에 대한 의무다.",40대,남성,8.5300,25.5800,34.3600,28.1900,3.3300,"정체성 단백"
"아이를 갖는 것은 사회에 대한 의무다.",50대,남성,5.6800,18.6600,39.9700,27.5900,8.0900,"정체성 단백"
"아이를 갖는 것은 사회에 대한 의무다.",60대,남성,3.3400,11.2100,17.8100,45.8700,21.7900,"정체성 단백"
"아이를 갖는 것은 사회에 대한 의무다.",70대 이상,남성,0.8700,11.0600,7.0300,54.5000,26.5400,"정체성 단백"
"아이를 갖는 것은 사회에 대한 의무다.",20대,여성,43.0900,29.1600,17.5100,6.6300,3.6000,"정체성 단백"
"아이를 갖는 것은 사회에 대한 의무다.",30대,여성,35.8400,33.7600,20.8300,8.6900,0.8800,"정체성 단백"
"아이를 갖는 것은 사회에 대한 의무다.",40대,여성,19.2500,37.4400,34.0500,8.0800,1.1900,"정체성 단백"
"아이를 갖는 것은 사회에 대한 의무다.",50대,여성,11.4300,32.8300,35.9900,16.4100,3.3400,"정체성 단백"
"아이를 갖는 것은 사회에 대한 의무다.",60대,여성,2.7300,18.7600,23.7200,36.2000,18.5900,"정체성 단백"
"아이를 갖는 것은 사회에 대한 의무다.",70대 이상,여성,0.4300,13.5800,16.1500,48.2200,21.6200,"정체성 단백"
"모든 사람들이 동등한 대우를 받는지 따져보는 것은 중요하다.",20대,남성,2.0800,9.0900,32.6100,38.1700,18.0500,"공감 헤모글로빈"
"모든 사람들이 동등한 대우를 받는지 따져보는 것은 중요하다.",30대,남성,3.0000,11.5400,30.8700,39.9100,14.6800,"공감 헤모글로빈"
"모든 사람들이 동등한 대우를 받는지 따져보는 것은 중요하다.",40대,남성,1.4700,4.7800,29.6000,49.6800,14.4600,"공감 헤모글로빈"
"모든 사람들이 동등한 대우를 받는지 따져보는 것은 중요하다.",50대,남성,0.3100,4.7300,20.7200,59.5900,14.6500,"공감 헤모글로빈"
"모든 사람들이 동등한 대우를 받는지 따져보는 것은 중요하다.",60대,남성,1.2000,6.7900,7.9200,47.9400,36.1500,"공감 헤모글로빈"
"모든 사람들이 동등한 대우를 받는지 따져보는 것은 중요하다.",70대 이상,남성,1.6600,4.2100,9.7100,59.4000,25.0100,"공감 헤모글로빈"
"모든 사람들이 동등한 대우를 받는지 따져보는 것은 중요하다.",20대,여성,2.2100,5.8700,28.8000,50.9400,12.1800,"공감 헤모글로빈"
"모든 사람들이 동등한 대우를 받는지 따져보는 것은 중요하다.",30대,여성,0.9000,7.3000,32.5300,44.0500,15.2300,"공감 헤모글로빈"
"모든 사람들이 동등한 대우를 받는지 따져보는 것은 중요하다.",40대,여성,1.1700,4.2500,28.6500,55.4900,10.4500,"공감 헤모글로빈"
"모든 사람들이 동등한 대우를 받는지 따져보는 것은 중요하다.",50대,여성,0.0000,6.0800,18.1200,60.0600,15.7400,"공감 헤모글로빈"
"모든 사람들이 동등한 대우를 받는지 따져보는 것은 중요하다.",60대,여성,0.3500,6.4800,11.7000,49.0900,32.3800,"공감 헤모글로빈"
"모든 사람들이 동등한 대우를 받는지 따져보는 것은 중요하다.",70대 이상,여성,0.0000,5.8200,14.3800,55.1200,24.6900,"공감 헤모글로빈"
"동성애자나 외국인노동자, 장애인 등 사회적 약자와 소수자를 보호하고자 하는 사람들의 도덕적 우월감에 불편함을 느낀다.",20대,남성,9.0700,21.4300,34.3000,18.6500,16.5500,"우열 수용체"
"동성애자나 외국인노동자, 장애인 등 사회적 약자와 소수자를 보호하고자 하는 사람들의 도덕적 우월감에 불편함을 느낀다.",30대,남성,6.6700,22.5900,33.3300,23.3800,14.0200,"우열 수용체"
"동성애자나 외국인노동자, 장애인 등 사회적 약자와 소수자를 보호하고자 하는 사람들의 도덕적 우월감에 불편함을 느낀다.",40대,남성,2.5600,24.4400,39.6400,22.9400,10.4100,"우열 수용체"
"동성애자나 외국인노동자, 장애인 등 사회적 약자와 소수자를 보호하고자 하는 사람들의 도덕적 우월감에 불편함을 느낀다.",50대,남성,4.3600,20.7000,39.4200,27.7800,7.7500,"우열 수용체"
"동성애자나 외국인노동자, 장애인 등 사회적 약자와 소수자를 보호하고자 하는 사람들의 도덕적 우월감에 불편함을 느낀다.",60대,남성,4.2000,28.3600,28.8100,27.6800,10.9400,"우열 수용체"
"동성애자나 외국인노동자, 장애인 등 사회적 약자와 소수자를 보호하고자 하는 사람들의 도덕적 우월감에 불편함을 느낀다.",70대 이상,남성,3.7800,25.4800,29.3500,33.9000,7.4900,"우열 수용체"
"동성애자나 외국인노동자, 장애인 등 사회적 약자와 소수자를 보호하고자 하는 사람들의 도덕적 우월감에 불편함을 느낀다.",20대,여성,20.5800,30.9300,30.4400,14.9000,3.1600,"우열 수용체"
"동성애자나 외국인노동자, 장애인 등 사회적 약자와 소수자를 보호하고자 하는 사람들의 도덕적 우월감에 불편함을 느낀다.",30대,여성,9.1100,33.9200,33.3800,17.3000,6.3000,"우열 수용체"
"동성애자나 외국인노동자, 장애인 등 사회적 약자와 소수자를 보호하고자 하는 사람들의 도덕적 우월감에 불편함을 느낀다.",40대,여성,4.2300,30.1400,36.6900,24.3000,4.6400,"우열 수용체"
"동성애자나 외국인노동자, 장애인 등 사회적 약자와 소수자를 보호하고자 하는 사람들의 도덕적 우월감에 불편함을 느낀다.",50대,여성,5.3900,31.7400,36.9900,21.8600,4.0200,"우열 수용체"
"동성애자나 외국인노동자, 장애인 등 사회적 약자와 소수자를 보호하고자 하는 사람들의 도덕적 우월감에 불편함을 느낀다.",60대,여성,5.5300,27.1200,28.6400,30.5900,8.1200,"우열 수용체"
"동성애자나 외국인노동자, 장애인 등 사회적 약자와 소수자를 보호하고자 하는 사람들의 도덕적 우월감에 불편함을 느낀다.",70대 이상,여성,1.4400,18.5800,36.6000,29.9500,13.4300,"우열 수용체"
"남녀 임금 격차에는 타당한 이유가 있다.",20대,남성,9.0900,12.4500,24.8100,31.2400,22.4100,"우열 수용체"
"남녀 임금 격차에는 타당한 이유가 있다.",30대,남성,8.1300,7.9400,28.5400,33.8600,21.5200,"우열 수용체"
"남녀 임금 격차에는 타당한 이유가 있다.",40대,남성,1.4900,13.6900,32.8900,35.2000,16.7300,"우열 수용체"
"남녀 임금 격차에는 타당한 이유가 있다.",50대,남성,4.3800,22.2700,36.6400,28.9700,7.7400,"우열 수용체"
"남녀 임금 격차에는 타당한 이유가 있다.",60대,남성,5.8500,24.1800,20.7800,42.9500,6.2500,"우열 수용체"
"남녀 임금 격차에는 타당한 이유가 있다.",70대 이상,남성,2.5700,19.5900,18.0400,50.2200,9.5900,"우열 수용체"
"남녀 임금 격차에는 타당한 이유가 있다.",20대,여성,33.6700,25.0300,27.3400,10.8000,3.1600,"우열 수용체"
"남녀 임금 격차에는 타당한 이유가 있다.",30대,여성,18.0200,28.9100,26.7000,22.6900,3.6800,"우열 수용체"
"남녀 임금 격차에는 타당한 이유가 있다.",40대,여성,15.4900,35.8100,30.4400,16.3300,1.9400,"우열 수용체"
"남녀 임금 격차에는 타당한 이유가 있다.",50대,여성,12.3800,35.9700,30.1700,19.8000,1.6800,"우열 수용체"
"남녀 임금 격차에는 타당한 이유가 있다.",60대,여성,8.0800,28.0800,20.3400,38.8300,4.6700,"우열 수용체"
"남녀 임금 격차에는 타당한 이유가 있다.",70대 이상,여성,2.9300,24.0900,26.5500,41.7700,4.6600,"우열 수용체"
"나는 가끔 좋고 멋진 것들(beautiful things)을 파괴하고 싶은 충동을 느낀다.",20대,남성,46.3000,25.5800,14.8800,8.6600,4.5800,"구조 백혈구"
"나는 가끔 좋고 멋진 것들(beautiful things)을 파괴하고 싶은 충동을 느낀다.",30대,남성,44.7600,25.4200,15.4900,13.0200,1.3000,"구조 백혈구"
"나는 가끔 좋고 멋진 것들(beautiful things)을 파괴하고 싶은 충동을 느낀다.",40대,남성,43.2700,29.2500,17.4500,8.1500,1.8700,"구조 백혈구"
"나는 가끔 좋고 멋진 것들(beautiful things)을 파괴하고 싶은 충동을 느낀다.",50대,남성,48.7700,33.5600,11.3500,4.3200,2.0000,"구조 백혈구"
"나는 가끔 좋고 멋진 것들(beautiful things)을 파괴하고 싶은 충동을 느낀다.",60대,남성,49.3900,40.9000,5.2900,4.4300,0.0000,"구조 백혈구"
"나는 가끔 좋고 멋진 것들(beautiful things)을 파괴하고 싶은 충동을 느낀다.",70대 이상,남성,41.6100,44.8400,6.1800,5.7600,1.6000,"구조 백혈구"
"나는 가끔 좋고 멋진 것들(beautiful things)을 파괴하고 싶은 충동을 느낀다.",20대,여성,56.0500,22.9000,12.5100,7.2200,1.3300,"구조 백혈구"
"나는 가끔 좋고 멋진 것들(beautiful things)을 파괴하고 싶은 충동을 느낀다.",30대,여성,54.2800,24.4100,12.1800,7.3300,1.7900,"구조 백혈구"
"나는 가끔 좋고 멋진 것들(beautiful things)을 파괴하고 싶은 충동을 느낀다.",40대,여성,54.0700,33.8900,7.4200,3.4600,1.1600,"구조 백혈구"
"나는 가끔 좋고 멋진 것들(beautiful things)을 파괴하고 싶은 충동을 느낀다.",50대,여성,57.4700,25.4300,10.7900,4.9600,1.3500,"구조 백혈구"
"나는 가끔 좋고 멋진 것들(beautiful things)을 파괴하고 싶은 충동을 느낀다.",60대,여성,54.2800,37.1200,5.2900,2.9800,0.3300,"구조 백혈구"
"나는 가끔 좋고 멋진 것들(beautiful things)을 파괴하고 싶은 충동을 느낀다.",70대 이상,여성,33.9200,49.4400,11.6700,4.9600,0.0000,"구조 백혈구"
"어머니가 일을 하면, 아이들이 어려움을 겪는다.",20대,남성,18.9300,29.9000,25.6200,18.9500,6.5900,"정체성 단백"
"어머니가 일을 하면, 아이들이 어려움을 겪는다.",30대,남성,12.2500,31.1100,28.2400,23.3100,5.1000,"정체성 단백"
"어머니가 일을 하면, 아이들이 어려움을 겪는다.",40대,남성,6.3200,24.6600,37.4500,26.7000,4.8600,"정체성 단백"
"어머니가 일을 하면, 아이들이 어려움을 겪는다.",50대,남성,5.3100,22.7100,34.8800,32.0300,5.0700,"정체성 단백"
"어머니가 일을 하면, 아이들이 어려움을 겪는다.",60대,남성,2.9300,18.5200,21.1000,46.9300,10.5200,"정체성 단백"
"어머니가 일을 하면, 아이들이 어려움을 겪는다.",70대 이상,남성,1.6200,17.4700,15.7300,50.2500,14.9300,"정체성 단백"
"어머니가 일을 하면, 아이들이 어려움을 겪는다.",20대,여성,32.2800,30.5600,21.4900,13.0100,2.6600,"정체성 단백"
"어머니가 일을 하면, 아이들이 어려움을 겪는다.",30대,여성,19.3800,33.7400,24.9400,19.2300,2.7100,"정체성 단백"
"어머니가 일을 하면, 아이들이 어려움을 겪는다.",40대,여성,8.0900,26.6700,34.8200,26.9100,3.5000,"정체성 단백"
"어머니가 일을 하면, 아이들이 어려움을 겪는다.",50대,여성,6.4200,30.1400,30.2700,28.7900,4.3800,"정체성 단백"
"어머니가 일을 하면, 아이들이 어려움을 겪는다.",60대,여성,1.0800,16.3200,17.8800,50.9700,13.7400,"정체성 단백"
"어머니가 일을 하면, 아이들이 어려움을 겪는다.",70대 이상,여성,1.6100,19.7800,21.5600,42.2900,14.7500,"정체성 단백"
"약자를 보호하고, 내가 모르는 사람들까지도 공정하게 대우하는 것이 중요하다.",20대,남성,2.4800,7.8500,38.9400,35.8400,14.8900,"공감 헤모글로빈"
"약자를 보호하고, 내가 모르는 사람들까지도 공정하게 대우하는 것이 중요하다.",30대,남성,3.8600,7.2800,33.7700,43.5900,11.5000,"공감 헤모글로빈"
"약자를 보호하고, 내가 모르는 사람들까지도 공정하게 대우하는 것이 중요하다.",40대,남성,1.1200,6.2700,29.6000,46.2800,16.7300,"공감 헤모글로빈"
"약자를 보호하고, 내가 모르는 사람들까지도 공정하게 대우하는 것이 중요하다.",50대,남성,0.3300,3.0400,23.0100,57.2400,16.3900,"공감 헤모글로빈"
"약자를 보호하고, 내가 모르는 사람들까지도 공정하게 대우하는 것이 중요하다.",60대,남성,0.9800,1.8300,7.1200,51.5200,38.5600,"공감 헤모글로빈"
"약자를 보호하고, 내가 모르는 사람들까지도 공정하게 대우하는 것이 중요하다.",70대 이상,남성,0.4400,1.7200,6.3100,58.6000,32.9300,"공감 헤모글로빈"
"약자를 보호하고, 내가 모르는 사람들까지도 공정하게 대우하는 것이 중요하다.",20대,여성,2.2500,4.8600,26.4300,50.3100,16.1400,"공감 헤모글로빈"
"약자를 보호하고, 내가 모르는 사람들까지도 공정하게 대우하는 것이 중요하다.",30대,여성,0.9200,4.5100,32.7500,46.9600,14.8600,"공감 헤모글로빈"
"약자를 보호하고, 내가 모르는 사람들까지도 공정하게 대우하는 것이 중요하다.",40대,여성,0.3800,6.1500,29.4000,50.9400,13.1400,"공감 헤모글로빈"
"약자를 보호하고, 내가 모르는 사람들까지도 공정하게 대우하는 것이 중요하다.",50대,여성,0.3300,4.6800,21.1500,57.7400,16.0900,"공감 헤모글로빈"
"약자를 보호하고, 내가 모르는 사람들까지도 공정하게 대우하는 것이 중요하다.",60대,여성,0.0000,3.9900,12.6600,52.0500,31.3000,"공감 헤모글로빈"
"약자를 보호하고, 내가 모르는 사람들까지도 공정하게 대우하는 것이 중요하다.",70대 이상,여성,0.0000,2.9300,11.1600,61.8900,24.0200,"공감 헤모글로빈"
"우리나라는 동성애자나 외국인노동자, 장애인 등 사회적 약자와 소수자를 보호하려는 노력이 과하다.",20대,남성,8.7300,18.9100,38.0500,18.5800,15.7200,"우열 수용체"
"우리나라는 동성애자나 외국인노동자, 장애인 등 사회적 약자와 소수자를 보호하려는 노력이 과하다.",30대,남성,7.1500,20.0300,33.7000,24.3100,14.8200,"우열 수용체"
"우리나라는 동성애자나 외국인노동자, 장애인 등 사회적 약자와 소수자를 보호하려는 노력이 과하다.",40대,남성,3.7000,27.0300,41.7700,19.3000,8.2000,"우열 수용체"
"우리나라는 동성애자나 외국인노동자, 장애인 등 사회적 약자와 소수자를 보호하려는 노력이 과하다.",50대,남성,9.0100,28.7300,35.2800,20.2900,6.6900,"우열 수용체"
"우리나라는 동성애자나 외국인노동자, 장애인 등 사회적 약자와 소수자를 보호하려는 노력이 과하다.",60대,남성,6.0600,27.7300,37.2600,18.4900,10.4600,"우열 수용체"
"우리나라는 동성애자나 외국인노동자, 장애인 등 사회적 약자와 소수자를 보호하려는 노력이 과하다.",70대 이상,남성,1.7100,26.5200,41.0600,23.7200,6.9800,"우열 수용체"
"우리나라는 동성애자나 외국인노동자, 장애인 등 사회적 약자와 소수자를 보호하려는 노력이 과하다.",20대,여성,20.1900,35.4400,29.0400,9.9400,5.4000,"우열 수용체"
"우리나라는 동성애자나 외국인노동자, 장애인 등 사회적 약자와 소수자를 보호하려는 노력이 과하다.",30대,여성,7.1900,37.1400,32.0500,17.2700,6.3500,"우열 수용체"
"우리나라는 동성애자나 외국인노동자, 장애인 등 사회적 약자와 소수자를 보호하려는 노력이 과하다.",40대,여성,6.1800,37.8600,31.3400,18.8300,5.7800,"우열 수용체"
"우리나라는 동성애자나 외국인노동자, 장애인 등 사회적 약자와 소수자를 보호하려는 노력이 과하다.",50대,여성,7.0300,27.5600,40.5700,19.4400,5.3900,"우열 수용체"
"우리나라는 동성애자나 외국인노동자, 장애인 등 사회적 약자와 소수자를 보호하려는 노력이 과하다.",60대,여성,5.7200,22.9600,35.0500,28.1200,8.1400,"우열 수용체"
"우리나라는 동성애자나 외국인노동자, 장애인 등 사회적 약자와 소수자를 보호하려는 노력이 과하다.",70대 이상,여성,2.7600,20.2900,38.1900,26.2700,12.4900,"우열 수용체"
"부는 개인의 노력보다 운에 의해 결정된다.",20대,남성,9.1500,23.1600,37.6000,20.1900,9.9000,"구조 백혈구"
"부는 개인의 노력보다 운에 의해 결정된다.",30대,남성,5.5500,24.2000,37.0500,23.8400,9.3600,"구조 백혈구"
"부는 개인의 노력보다 운에 의해 결정된다.",40대,남성,3.6800,29.3300,40.2400,20.8200,5.9400,"구조 백혈구"
"부는 개인의 노력보다 운에 의해 결정된다.",50대,남성,6.3600,34.2200,32.0100,24.1100,3.3100,"구조 백혈구"
"부는 개인의 노력보다 운에 의해 결정된다.",60대,남성,16.9100,52.4800,15.9600,11.7900,2.8600,"구조 백혈구"
"부는 개인의 노력보다 운에 의해 결정된다.",70대 이상,남성,12.0500,54.1400,12.0700,16.8400,4.9100,"구조 백혈구"
"부는 개인의 노력보다 운에 의해 결정된다.",20대,여성,7.2400,18.3600,38.4700,26.9800,8.9600,"구조 백혈구"
"부는 개인의 노력보다 운에 의해 결정된다.",30대,여성,3.6800,23.5800,37.6100,28.8100,6.3200,"구조 백혈구"
"부는 개인의 노력보다 운에 의해 결정된다.",40대,여성,6.1100,26.2700,40.1100,22.5300,4.9800,"구조 백혈구"
"부는 개인의 노력보다 운에 의해 결정된다.",50대,여성,6.7000,29.8700,35.9000,23.4700,4.0500,"구조 백혈구"
"부는 개인의 노력보다 운에 의해 결정된다.",60대,여성,9.6300,45.8500,23.9200,17.3900,3.2100,"구조 백혈구"
"부는 개인의 노력보다 운에 의해 결정된다.",70대 이상,여성,6.1200,46.1000,28.7900,16.4000,2.5900,"구조 백혈구"
"기후위기 극복을 위해 지금보다 강한 규제를 시행해야 한다.",20대,남성,3.7400,14.8600,36.0400,30.2000,15.1600,"공감 헤모글로빈"
"기후위기 극복을 위해 지금보다 강한 규제를 시행해야 한다.",30대,남성,4.2900,9.4300,38.7200,36.0500,11.5200,"공감 헤모글로빈"
"기후위기 극복을 위해 지금보다 강한 규제를 시행해야 한다.",40대,남성,1.8600,9.2500,33.5700,44.5200,10.7900,"공감 헤모글로빈"
"기후위기 극복을 위해 지금보다 강한 규제를 시행해야 한다.",50대,남성,1.3300,3.9900,32.9300,43.3700,18.3800,"공감 헤모글로빈"
"기후위기 극복을 위해 지금보다 강한 규제를 시행해야 한다.",60대,남성,0.6200,7.0300,13.3100,48.5400,30.5000,"공감 헤모글로빈"
"기후위기 극복을 위해 지금보다 강한 규제를 시행해야 한다.",70대 이상,남성,0.3900,3.7400,16.2300,56.2500,23.3900,"공감 헤모글로빈"
"기후위기 극복을 위해 지금보다 강한 규제를 시행해야 한다.",20대,여성,1.7900,6.2000,29.1600,41.2800,21.5800,"공감 헤모글로빈"
"기후위기 극복을 위해 지금보다 강한 규제를 시행해야 한다.",30대,여성,1.3500,4.5300,36.8000,35.2000,22.1200,"공감 헤모글로빈"
"기후위기 극복을 위해 지금보다 강한 규제를 시행해야 한다.",40대,여성,0.7900,3.0700,27.7100,50.0200,18.4200,"공감 헤모글로빈"
"기후위기 극복을 위해 지금보다 강한 규제를 시행해야 한다.",50대,여성,0.0000,2.6800,23.1400,56.7100,17.4700,"공감 헤모글로빈"
"기후위기 극복을 위해 지금보다 강한 규제를 시행해야 한다.",60대,여성,0.0000,5.0300,15.1900,52.8600,26.9200,"공감 헤모글로빈"
"기후위기 극복을 위해 지금보다 강한 규제를 시행해야 한다.",70대 이상,여성,0.0000,1.7000,23.9900,53.1900,21.1200,"공감 헤모글로빈"
"명절 연휴에 제사를 안 지내고 해외여행을 가는 것은 비난받을 일이 아니다.",20대,남성,7.4800,8.6800,25.1100,33.1500,25.5800,"정체성 단백"
"명절 연휴에 제사를 안 지내고 해외여행을 가는 것은 비난받을 일이 아니다.",30대,남성,6.3000,8.1600,20.8500,40.5500,24.1500,"정체성 단백"
"명절 연휴에 제사를 안 지내고 해외여행을 가는 것은 비난받을 일이 아니다.",40대,남성,4.0800,11.4500,29.0200,42.8400,12.6100,"정체성 단백"
"명절 연휴에 제사를 안 지내고 해외여행을 가는 것은 비난받을 일이 아니다.",50대,남성,3.9800,14.0500,28.7000,42.6100,10.6600,"정체성 단백"
"명절 연휴에 제사를 안 지내고 해외여행을 가는 것은 비난받을 일이 아니다.",60대,남성,8.2900,26.2200,26.0600,33.3800,6.0500,"정체성 단백"
"명절 연휴에 제사를 안 지내고 해외여행을 가는 것은 비난받을 일이 아니다.",70대 이상,남성,11.1500,38.1900,19.0300,26.5500,5.0700,"정체성 단백"
"명절 연휴에 제사를 안 지내고 해외여행을 가는 것은 비난받을 일이 아니다.",20대,여성,6.3500,4.4600,15.7100,38.9900,34.5000,"정체성 단백"
"명절 연휴에 제사를 안 지내고 해외여행을 가는 것은 비난받을 일이 아니다.",30대,여성,8.1900,5.3700,15.9600,37.8600,32.6100,"정체성 단백"
"명절 연휴에 제사를 안 지내고 해외여행을 가는 것은 비난받을 일이 아니다.",40대,여성,4.9700,8.0400,15.9500,49.0300,22.0100,"정체성 단백"
"명절 연휴에 제사를 안 지내고 해외여행을 가는 것은 비난받을 일이 아니다.",50대,여성,1.0300,9.3500,19.4600,54.4300,15.7400,"정체성 단백"
"명절 연휴에 제사를 안 지내고 해외여행을 가는 것은 비난받을 일이 아니다.",60대,여성,5.7700,16.6900,28.3900,44.1500,5.0000,"정체성 단백"
"명절 연휴에 제사를 안 지내고 해외여행을 가는 것은 비난받을 일이 아니다.",70대 이상,여성,7.3000,29.0800,21.4300,37.0200,5.1700,"정체성 단백"
"요즘 우리 사회는 말 한마디에도 너무 민감하게 반응하는 경향이 있다.",20대,남성,0.8300,7.0400,20.3000,38.0400,33.7900,"우열 수용체"
"요즘 우리 사회는 말 한마디에도 너무 민감하게 반응하는 경향이 있다.",30대,남성,2.5800,2.1300,19.2700,48.4100,27.6100,"우열 수용체"
"요즘 우리 사회는 말 한마디에도 너무 민감하게 반응하는 경향이 있다.",40대,남성,0.3600,5.1900,25.1800,50.4400,18.8400,"우열 수용체"
"요즘 우리 사회는 말 한마디에도 너무 민감하게 반응하는 경향이 있다.",50대,남성,1.0100,3.3500,24.1100,52.2700,19.2700,"우열 수용체"
"요즘 우리 사회는 말 한마디에도 너무 민감하게 반응하는 경향이 있다.",60대,남성,1.6600,3.9900,10.4400,54.6800,29.2300,"우열 수용체"
"요즘 우리 사회는 말 한마디에도 너무 민감하게 반응하는 경향이 있다.",70대 이상,남성,1.1600,3.8600,12.3600,59.0900,23.5200,"우열 수용체"
"요즘 우리 사회는 말 한마디에도 너무 민감하게 반응하는 경향이 있다.",20대,여성,2.2500,4.0300,21.0000,43.9500,28.7700,"우열 수용체"
"요즘 우리 사회는 말 한마디에도 너무 민감하게 반응하는 경향이 있다.",30대,여성,2.2600,4.4700,16.8000,47.4600,29.0000,"우열 수용체"
"요즘 우리 사회는 말 한마디에도 너무 민감하게 반응하는 경향이 있다.",40대,여성,1.1600,2.3300,21.3300,53.6100,21.5800,"우열 수용체"
"요즘 우리 사회는 말 한마디에도 너무 민감하게 반응하는 경향이 있다.",50대,여성,0.6800,5.6600,16.7100,58.1800,18.7600,"우열 수용체"
"요즘 우리 사회는 말 한마디에도 너무 민감하게 반응하는 경향이 있다.",60대,여성,0.5300,3.4100,10.7700,57.6200,27.6600,"우열 수용체"
"요즘 우리 사회는 말 한마디에도 너무 민감하게 반응하는 경향이 있다.",70대 이상,여성,0.0000,6.5200,11.9400,60.3100,21.2300,"우열 수용체"
"부유해지는 것은 삶의 가장 중요한 목표다.",20대,남성,4.1500,16.9600,23.1400,42.5600,13.1900,"우열 수용체"
"부유해지는 것은 삶의 가장 중요한 목표다.",30대,남성,2.1400,10.6600,31.0300,41.7500,14.4300,"우열 수용체"
"부유해지는 것은 삶의 가장 중요한 목표다.",40대,남성,1.8600,12.6800,32.9000,40.0000,12.5500,"우열 수용체"
"부유해지는 것은 삶의 가장 중요한 목표다.",50대,남성,2.3600,15.4300,31.4300,42.1200,8.6700,"우열 수용체"
"부유해지는 것은 삶의 가장 중요한 목표다.",60대,남성,5.3900,24.3500,24.6200,34.4800,11.1600,"우열 수용체"
"부유해지는 것은 삶의 가장 중요한 목표다.",70대 이상,남성,6.3000,20.3100,22.5600,40.5800,10.2500,"우열 수용체"
"부유해지는 것은 삶의 가장 중요한 목표다.",20대,여성,4.0500,20.6500,28.7000,38.5800,8.0200,"우열 수용체"
"부유해지는 것은 삶의 가장 중요한 목표다.",30대,여성,2.7000,14.3600,29.0700,42.1300,11.7300,"우열 수용체"
"부유해지는 것은 삶의 가장 중요한 목표다.",40대,여성,4.6700,18.9600,33.5200,35.5100,7.3300,"우열 수용체"
"부유해지는 것은 삶의 가장 중요한 목표다.",50대,여성,4.0900,18.8000,35.8200,32.9000,8.3900,"우열 수용체"
"부유해지는 것은 삶의 가장 중요한 목표다.",60대,여성,3.6800,31.7800,29.4400,27.4300,7.6600,"우열 수용체"
"부유해지는 것은 삶의 가장 중요한 목표다.",70대 이상,여성,4.1100,21.2200,27.6800,37.6600,9.3300,"우열 수용체"
"나는 사회가 완전히 무너져야 한다고 생각한다.",20대,남성,43.0100,23.5000,21.5400,7.8500,4.0900,"구조 백혈구"
"나는 사회가 완전히 무너져야 한다고 생각한다.",30대,남성,42.4900,23.8300,21.2900,9.4200,2.9700,"구조 백혈구"
"나는 사회가 완전히 무너져야 한다고 생각한다.",40대,남성,42.5700,29.9100,17.1300,7.4200,2.9800,"구조 백혈구"
"나는 사회가 완전히 무너져야 한다고 생각한다.",50대,남성,49.7000,32.9800,11.9700,4.3300,1.0200,"구조 백혈구"
"나는 사회가 완전히 무너져야 한다고 생각한다.",60대,남성,58.1000,36.9300,2.2700,0.6700,2.0300,"구조 백혈구"
"나는 사회가 완전히 무너져야 한다고 생각한다.",70대 이상,남성,49.3700,43.1400,3.7200,2.5700,1.2100,"구조 백혈구"
"나는 사회가 완전히 무너져야 한다고 생각한다.",20대,여성,44.4800,30.3600,17.0500,5.4300,2.6900,"구조 백혈구"
"나는 사회가 완전히 무너져야 한다고 생각한다.",30대,여성,49.6700,26.6100,17.3600,5.9100,0.4400,"구조 백혈구"
"나는 사회가 완전히 무너져야 한다고 생각한다.",40대,여성,53.3600,28.5200,12.3200,5.0200,0.7800,"구조 백혈구"
"나는 사회가 완전히 무너져야 한다고 생각한다.",50대,여성,60.0900,26.5200,10.3900,2.6600,0.3400,"구조 백혈구"
"나는 사회가 완전히 무너져야 한다고 생각한다.",60대,여성,58.3000,37.0000,2.2700,1.5200,0.9100,"구조 백혈구"
"나는 사회가 완전히 무너져야 한다고 생각한다.",70대 이상,여성,52.8600,36.3200,7.7300,0.0000,3.0900,"구조 백혈구"
"정부가 법을 제정할 때 첫번째 원칙은 모든 사람이 공평하게 대우받도록 하는 것이어야 한다.",20대,남성,1.6700,6.6100,28.5900,34.6200,28.5100,"공감 헤모글로빈"
"정부가 법을 제정할 때 첫번째 원칙은 모든 사람이 공평하게 대우받도록 하는 것이어야 한다.",30대,남성,1.7300,3.0100,24.8100,42.8700,27.5800,"공감 헤모글로빈"
"정부가 법을 제정할 때 첫번째 원칙은 모든 사람이 공평하게 대우받도록 하는 것이어야 한다.",40대,남성,1.4700,3.3000,17.8600,44.7000,32.6700,"공감 헤모글로빈"
"정부가 법을 제정할 때 첫번째 원칙은 모든 사람이 공평하게 대우받도록 하는 것이어야 한다.",50대,남성,0.0000,3.0200,10.3900,45.2500,41.3400,"공감 헤모글로빈"
"정부가 법을 제정할 때 첫번째 원칙은 모든 사람이 공평하게 대우받도록 하는 것이어야 한다.",60대,남성,0.3600,2.1800,3.1200,34.1100,60.2400,"공감 헤모글로빈"
"정부가 법을 제정할 때 첫번째 원칙은 모든 사람이 공평하게 대우받도록 하는 것이어야 한다.",70대 이상,남성,0.8100,2.4400,1.7600,49.9200,45.0700,"공감 헤모글로빈"
"정부가 법을 제정할 때 첫번째 원칙은 모든 사람이 공평하게 대우받도록 하는 것이어야 한다.",20대,여성,3.1100,2.6900,25.2100,47.9900,21.0000,"공감 헤모글로빈"
"정부가 법을 제정할 때 첫번째 원칙은 모든 사람이 공평하게 대우받도록 하는 것이어야 한다.",30대,여성,0.9300,4.5100,22.3100,44.2500,28.0000,"공감 헤모글로빈"
"정부가 법을 제정할 때 첫번째 원칙은 모든 사람이 공평하게 대우받도록 하는 것이어야 한다.",40대,여성,1.1800,1.9500,17.0200,47.8800,31.9800,"공감 헤모글로빈"
"정부가 법을 제정할 때 첫번째 원칙은 모든 사람이 공평하게 대우받도록 하는 것이어야 한다.",50대,여성,0.6800,3.6500,13.5300,43.9400,38.2000,"공감 헤모글로빈"
"정부가 법을 제정할 때 첫번째 원칙은 모든 사람이 공평하게 대우받도록 하는 것이어야 한다.",60대,여성,0.3500,4.3500,3.9100,41.4700,49.9200,"공감 헤모글로빈"
"정부가 법을 제정할 때 첫번째 원칙은 모든 사람이 공평하게 대우받도록 하는 것이어야 한다.",70대 이상,여성,1.4800,2.0000,9.9000,54.3900,32.2300,"공감 헤모글로빈"
"결혼은 반드시 해야 하는 것이 아니라 개인의 선택이다.",20대,남성,3.7200,7.4200,16.1000,40.5000,32.2700,"정체성 단백"
"결혼은 반드시 해야 하는 것이 아니라 개인의 선택이다.",30대,남성,1.2900,6.7500,20.0400,41.7400,30.1800,"정체성 단백"
"결혼은 반드시 해야 하는 것이 아니라 개인의 선택이다.",40대,남성,1.1100,6.6800,24.0400,45.6400,22.5300,"정체성 단백"
"결혼은 반드시 해야 하는 것이 아니라 개인의 선택이다.",50대,남성,1.3400,3.6600,22.4000,52.5500,20.0500,"정체성 단백"
"결혼은 반드시 해야 하는 것이 아니라 개인의 선택이다.",60대,남성,7.2400,16.4600,15.6600,49.0400,11.6000,"정체성 단백"
"결혼은 반드시 해야 하는 것이 아니라 개인의 선택이다.",70대 이상,남성,6.1200,24.2200,15.5300,40.8700,13.2600,"정체성 단백"
"결혼은 반드시 해야 하는 것이 아니라 개인의 선택이다.",20대,여성,0.9400,3.1700,15.1600,23.8000,56.9300,"정체성 단백"
"결혼은 반드시 해야 하는 것이 아니라 개인의 선택이다.",30대,여성,0.0000,3.1900,10.8900,39.8500,46.0700,"정체성 단백"
"결혼은 반드시 해야 하는 것이 아니라 개인의 선택이다.",40대,여성,0.3800,1.5500,8.4800,50.3300,39.2700,"정체성 단백"
"결혼은 반드시 해야 하는 것이 아니라 개인의 선택이다.",50대,여성,0.0000,4.0500,12.4200,53.7300,29.8000,"정체성 단백"
"결혼은 반드시 해야 하는 것이 아니라 개인의 선택이다.",60대,여성,4.0400,11.0900,14.3600,58.0100,12.4900,"정체성 단백"
"결혼은 반드시 해야 하는 것이 아니라 개인의 선택이다.",70대 이상,여성,4.2900,21.7200,12.7800,51.9600,9.2400,"정체성 단백"
"우리나라를 망쳐놓고 있는 극단주의를 제압할 수 있는 강력한 지도자가 필요하다",20대,남성,6.6500,15.3300,25.2800,31.7100,21.0400,"우열 수용체"
"우리나라를 망쳐놓고 있는 극단주의를 제압할 수 있는 강력한 지도자가 필요하다",30대,남성,4.6600,11.9000,27.8000,33.5300,22.1200,"우열 수용체"
"우리나라를 망쳐놓고 있는 극단주의를 제압할 수 있는 강력한 지도자가 필요하다",40대,남성,4.0000,6.6500,21.0800,41.9300,26.3400,"우열 수용체"
"우리나라를 망쳐놓고 있는 극단주의를 제압할 수 있는 강력한 지도자가 필요하다",50대,남성,2.0200,7.9600,17.9800,36.9500,35.0900,"우열 수용체"
"우리나라를 망쳐놓고 있는 극단주의를 제압할 수 있는 강력한 지도자가 필요하다",60대,남성,2.9000,5.4500,5.8900,39.0800,46.6800,"우열 수용체"
"우리나라를 망쳐놓고 있는 극단주의를 제압할 수 있는 강력한 지도자가 필요하다",70대 이상,남성,2.1500,5.4500,4.2200,43.5500,44.6200,"우열 수용체"
"우리나라를 망쳐놓고 있는 극단주의를 제압할 수 있는 강력한 지도자가 필요하다",20대,여성,4.0500,11.6800,35.0000,36.7300,12.5300,"우열 수용체"
"우리나라를 망쳐놓고 있는 극단주의를 제압할 수 있는 강력한 지도자가 필요하다",30대,여성,4.9400,10.8700,32.7400,35.7400,15.7200,"우열 수용체"
"우리나라를 망쳐놓고 있는 극단주의를 제압할 수 있는 강력한 지도자가 필요하다",40대,여성,4.6400,11.8900,19.3600,40.5800,23.5300,"우열 수용체"
"우리나라를 망쳐놓고 있는 극단주의를 제압할 수 있는 강력한 지도자가 필요하다",50대,여성,2.7100,10.7600,20.7400,41.9200,23.8700,"우열 수용체"
"우리나라를 망쳐놓고 있는 극단주의를 제압할 수 있는 강력한 지도자가 필요하다",60대,여성,3.0000,3.7900,5.4200,42.6700,45.1100,"우열 수용체"
"우리나라를 망쳐놓고 있는 극단주의를 제압할 수 있는 강력한 지도자가 필요하다",70대 이상,여성,3.3600,6.4000,9.4300,46.2900,34.5200,"우열 수용체"
"우리는 사회 제도의 문제를 해결할 수 없으므로, 이를 완전히 허물고 다시 시작해야 한다.",20대,남성,33.1100,22.6700,20.6800,16.9800,6.5600,"구조 백혈구"
"우리는 사회 제도의 문제를 해결할 수 없으므로, 이를 완전히 허물고 다시 시작해야 한다.",30대,남성,27.1800,32.0100,22.1200,13.1500,5.5400,"구조 백혈구"
"우리는 사회 제도의 문제를 해결할 수 없으므로, 이를 완전히 허물고 다시 시작해야 한다.",40대,남성,24.7200,36.2400,24.9300,10.3900,3.7200,"구조 백혈구"
"우리는 사회 제도의 문제를 해결할 수 없으므로, 이를 완전히 허물고 다시 시작해야 한다.",50대,남성,32.7000,39.6500,16.3100,7.6700,3.6700,"구조 백혈구"
"우리는 사회 제도의 문제를 해결할 수 없으므로, 이를 완전히 허물고 다시 시작해야 한다.",60대,남성,26.6800,39.4300,15.9500,12.5700,5.3600,"구조 백혈구"
"우리는 사회 제도의 문제를 해결할 수 없으므로, 이를 완전히 허물고 다시 시작해야 한다.",70대 이상,남성,17.3600,40.7800,16.6300,18.6700,6.5600,"구조 백혈구"
"우리는 사회 제도의 문제를 해결할 수 없으므로, 이를 완전히 허물고 다시 시작해야 한다.",20대,여성,32.7900,30.8700,22.8900,9.8900,3.5700,"구조 백혈구"
"우리는 사회 제도의 문제를 해결할 수 없으므로, 이를 완전히 허물고 다시 시작해야 한다.",30대,여성,32.5000,26.7000,27.2300,11.7600,1.8100,"구조 백혈구"
"우리는 사회 제도의 문제를 해결할 수 없으므로, 이를 완전히 허물고 다시 시작해야 한다.",40대,여성,33.2700,33.6200,23.1500,6.8700,3.0900,"구조 백혈구"
"우리는 사회 제도의 문제를 해결할 수 없으므로, 이를 완전히 허물고 다시 시작해야 한다.",50대,여성,32.9500,40.1900,18.1200,7.3800,1.3600,"구조 백혈구"
"우리는 사회 제도의 문제를 해결할 수 없으므로, 이를 완전히 허물고 다시 시작해야 한다.",60대,여성,22.5800,36.3200,21.9400,13.0200,6.1400,"구조 백혈구"
"우리는 사회 제도의 문제를 해결할 수 없으므로, 이를 완전히 허물고 다시 시작해야 한다.",70대 이상,여성,14.1300,30.6100,27.1700,21.2300,6.8700,"구조 백혈구"
"부정행위를 저지른 사람이 적발되어 처벌받을 때 기분이 좋다.",20대,남성,1.6500,7.0600,26.4800,30.1100,34.6900,"우열 수용체"
"부정행위를 저지른 사람이 적발되어 처벌받을 때 기분이 좋다.",30대,남성,2.0800,4.2800,26.8800,38.7000,28.0700,"우열 수용체"
"부정행위를 저지른 사람이 적발되어 처벌받을 때 기분이 좋다.",40대,남성,0.3800,3.7100,24.4600,45.1000,26.3500,"우열 수용체"
"부정행위를 저지른 사람이 적발되어 처벌받을 때 기분이 좋다.",50대,남성,0.3400,2.6500,23.6400,43.0900,30.2800,"우열 수용체"
"부정행위를 저지른 사람이 적발되어 처벌받을 때 기분이 좋다.",60대,남성,4.1600,6.6800,14.4900,36.2800,38.3900,"우열 수용체"
"부정행위를 저지른 사람이 적발되어 처벌받을 때 기분이 좋다.",70대 이상,남성,1.6900,7.0000,10.9100,49.9700,30.4200,"우열 수용체"
"부정행위를 저지른 사람이 적발되어 처벌받을 때 기분이 좋다.",20대,여성,0.9200,4.4300,24.6300,47.1500,22.8700,"우열 수용체"
"부정행위를 저지른 사람이 적발되어 처벌받을 때 기분이 좋다.",30대,여성,0.4400,4.0200,19.4200,42.6900,33.4400,"우열 수용체"
"부정행위를 저지른 사람이 적발되어 처벌받을 때 기분이 좋다.",40대,여성,0.7900,6.1500,22.1800,47.5400,23.3400,"우열 수용체"
"부정행위를 저지른 사람이 적발되어 처벌받을 때 기분이 좋다.",50대,여성,0.3400,3.3300,24.5100,47.9900,23.8300,"우열 수용체"
"부정행위를 저지른 사람이 적발되어 처벌받을 때 기분이 좋다.",60대,여성,1.2100,8.9800,16.0200,43.3300,30.4600,"우열 수용체"
"부정행위를 저지른 사람이 적발되어 처벌받을 때 기분이 좋다.",70대 이상,여성,1.4800,9.3400,15.5900,49.4800,24.1100,"우열 수용체"
"요즈음 청소년들에게는 더 많은 훈육이 있어야만 한다.",20대,남성,3.7200,12.4300,24.3200,33.5600,25.9600,"우열 수용체"
"요즈음 청소년들에게는 더 많은 훈육이 있어야만 한다.",30대,남성,3.0000,9.8800,29.0100,37.4300,20.6900,"우열 수용체"
"요즈음 청소년들에게는 더 많은 훈육이 있어야만 한다.",40대,남성,1.8600,8.5000,26.5900,39.2900,23.7700,"우열 수용체"
"요즈음 청소년들에게는 더 많은 훈육이 있어야만 한다.",50대,남성,0.6700,9.0100,35.3200,38.0000,17.0000,"우열 수용체"
"요즈음 청소년들에게는 더 많은 훈육이 있어야만 한다.",60대,남성,1.8000,11.8700,15.4800,40.1900,30.6700,"우열 수용체"
"요즈음 청소년들에게는 더 많은 훈육이 있어야만 한다.",70대 이상,남성,1.6200,6.2700,9.2500,54.1600,28.7100,"우열 수용체"
"요즈음 청소년들에게는 더 많은 훈육이 있어야만 한다.",20대,여성,3.1600,4.8500,19.2800,44.3900,28.3200,"우열 수용체"
"요즈음 청소년들에게는 더 많은 훈육이 있어야만 한다.",30대,여성,0.4400,5.9200,19.9600,41.4400,32.2500,"우열 수용체"
"요즈음 청소년들에게는 더 많은 훈육이 있어야만 한다.",40대,여성,0.0000,9.6900,23.5600,38.6800,28.0600,"우열 수용체"
"요즈음 청소년들에게는 더 많은 훈육이 있어야만 한다.",50대,여성,1.7100,9.7500,25.8300,46.6800,16.0300,"우열 수용체"
"요즈음 청소년들에게는 더 많은 훈육이 있어야만 한다.",60대,여성,1.9500,8.0500,20.6700,48.0500,21.2900,"우열 수용체"
"요즈음 청소년들에게는 더 많은 훈육이 있어야만 한다.",70대 이상,여성,0.4200,10.2400,15.3100,49.9300,24.1000,"우열 수용체"
"모든 사람이 삶에서 동일한 양의 지원을 받아야 한다.",20대,남성,7.0100,26.0300,36.7400,19.8900,10.3300,"공감 헤모글로빈"
"모든 사람이 삶에서 동일한 양의 지원을 받아야 한다.",30대,남성,9.8000,22.4300,36.0000,23.6800,8.0800,"공감 헤모글로빈"
"모든 사람이 삶에서 동일한 양의 지원을 받아야 한다.",40대,남성,4.4400,17.7200,28.8200,34.5500,14.4700,"공감 헤모글로빈"
"모든 사람이 삶에서 동일한 양의 지원을 받아야 한다.",50대,남성,2.7100,15.9700,32.3500,34.9900,13.9900,"공감 헤모글로빈"
"모든 사람이 삶에서 동일한 양의 지원을 받아야 한다.",60대,남성,4.5800,22.3200,15.5000,38.2800,19.3200,"공감 헤모글로빈"
"모든 사람이 삶에서 동일한 양의 지원을 받아야 한다.",70대 이상,남성,2.1000,25.2900,14.5500,39.6500,18.4000,"공감 헤모글로빈"
"모든 사람이 삶에서 동일한 양의 지원을 받아야 한다.",20대,여성,7.1900,23.9100,39.3900,24.1600,5.3500,"공감 헤모글로빈"
"모든 사람이 삶에서 동일한 양의 지원을 받아야 한다.",30대,여성,4.5400,21.3100,33.1700,27.8900,13.0800,"공감 헤모글로빈"
"모든 사람이 삶에서 동일한 양의 지원을 받아야 한다.",40대,여성,3.0900,23.2100,35.8400,29.3500,8.5100,"공감 헤모글로빈"
"모든 사람이 삶에서 동일한 양의 지원을 받아야 한다.",50대,여성,4.0700,19.1500,33.4800,30.2500,13.0500,"공감 헤모글로빈"
"모든 사람이 삶에서 동일한 양의 지원을 받아야 한다.",60대,여성,5.2900,25.2600,17.7000,33.8700,17.8900,"공감 헤모글로빈"
"모든 사람이 삶에서 동일한 양의 지원을 받아야 한다.",70대 이상,여성,3.3400,20.3600,20.4900,39.4700,16.3300,"공감 헤모글로빈"
"일도 좋지만 여성이 우선순위를 둬야하는 것은 가정과 아이들이다.",20대,남성,11.9300,23.1200,38.1500,19.0500,7.7600,"정체성 단백"
"일도 좋지만 여성이 우선순위를 둬야하는 것은 가정과 아이들이다.",30대,남성,9.7200,17.9000,40.0800,24.2000,8.1000,"정체성 단백"
"일도 좋지만 여성이 우선순위를 둬야하는 것은 가정과 아이들이다.",40대,남성,3.6900,18.4400,41.2400,31.8100,4.8300,"정체성 단백"
"일도 좋지만 여성이 우선순위를 둬야하는 것은 가정과 아이들이다.",50대,남성,4.3800,14.0300,37.2600,37.3200,7.0100,"정체성 단백"
"일도 좋지만 여성이 우선순위를 둬야하는 것은 가정과 아이들이다.",60대,남성,2.6000,10.0900,17.5200,55.2500,14.5400,"정체성 단백"
"일도 좋지만 여성이 우선순위를 둬야하는 것은 가정과 아이들이다.",70대 이상,남성,0.9000,8.8000,17.5800,54.9400,17.7800,"정체성 단백"
"일도 좋지만 여성이 우선순위를 둬야하는 것은 가정과 아이들이다.",20대,여성,37.7000,18.3900,23.6600,16.6700,3.5900,"정체성 단백"
"일도 좋지만 여성이 우선순위를 둬야하는 것은 가정과 아이들이다.",30대,여성,17.5700,26.2900,33.0800,20.8500,2.2200,"정체성 단백"
"일도 좋지만 여성이 우선순위를 둬야하는 것은 가정과 아이들이다.",40대,여성,11.1200,31.3100,34.0500,19.6200,3.9000,"정체성 단백"
"일도 좋지만 여성이 우선순위를 둬야하는 것은 가정과 아이들이다.",50대,여성,4.6500,18.4400,35.2100,37.9800,3.7200,"정체성 단백"
"일도 좋지만 여성이 우선순위를 둬야하는 것은 가정과 아이들이다.",60대,여성,0.6600,10.6700,16.4400,50.5800,21.6500,"정체성 단백"
"일도 좋지만 여성이 우선순위를 둬야하는 것은 가정과 아이들이다.",70대 이상,여성,0.5900,6.2700,14.1100,55.3800,23.6500,"정체성 단백"
"성별·장애·병력·나이·종교·성적 지향 등에 대한 차별을 금지하는 차별금지법은 도입돼야 한다.",20대,남성,14.9500,13.2200,32.2500,27.9500,11.6300,"공감 헤모글로빈"
"성별·장애·병력·나이·종교·성적 지향 등에 대한 차별을 금지하는 차별금지법은 도입돼야 한다.",30대,남성,8.5600,12.4000,36.5300,32.7000,9.8100,"공감 헤모글로빈"
"성별·장애·병력·나이·종교·성적 지향 등에 대한 차별을 금지하는 차별금지법은 도입돼야 한다.",40대,남성,6.6200,10.4000,37.2800,37.9200,7.7700,"공감 헤모글로빈"
"성별·장애·병력·나이·종교·성적 지향 등에 대한 차별을 금지하는 차별금지법은 도입돼야 한다.",50대,남성,5.7400,8.9700,28.6500,45.2500,11.3900,"공감 헤모글로빈"
"성별·장애·병력·나이·종교·성적 지향 등에 대한 차별을 금지하는 차별금지법은 도입돼야 한다.",60대,남성,6.3000,23.0000,15.8700,39.6900,15.1400,"공감 헤모글로빈"
"성별·장애·병력·나이·종교·성적 지향 등에 대한 차별을 금지하는 차별금지법은 도입돼야 한다.",70대 이상,남성,7.9000,19.7300,18.5500,42.8000,11.0200,"공감 헤모글로빈"
"성별·장애·병력·나이·종교·성적 지향 등에 대한 차별을 금지하는 차별금지법은 도입돼야 한다.",20대,여성,4.0600,9.4400,34.1700,35.7900,16.5400,"공감 헤모글로빈"
"성별·장애·병력·나이·종교·성적 지향 등에 대한 차별을 금지하는 차별금지법은 도입돼야 한다.",30대,여성,4.9500,7.2600,36.3400,37.4800,13.9700,"공감 헤모글로빈"
"성별·장애·병력·나이·종교·성적 지향 등에 대한 차별을 금지하는 차별금지법은 도입돼야 한다.",40대,여성,5.0300,7.6700,35.8800,39.0500,12.3700,"공감 헤모글로빈"
"성별·장애·병력·나이·종교·성적 지향 등에 대한 차별을 금지하는 차별금지법은 도입돼야 한다.",50대,여성,7.0200,12.1200,30.2500,42.2400,8.3700,"공감 헤모글로빈"
"성별·장애·병력·나이·종교·성적 지향 등에 대한 차별을 금지하는 차별금지법은 도입돼야 한다.",60대,여성,9.5600,19.2100,23.8600,39.2900,8.0800,"공감 헤모글로빈"
"성별·장애·병력·나이·종교·성적 지향 등에 대한 차별을 금지하는 차별금지법은 도입돼야 한다.",70대 이상,여성,5.5600,19.3100,35.4600,34.5000,5.1700,"공감 헤모글로빈"
"모든 사람이 동일한 금액의 돈을 번다면 세상은 더 나은 곳이 될 것이다.",20대,남성,32.6800,24.8100,21.4500,14.4100,6.6500,"구조 백혈구"
"모든 사람이 동일한 금액의 돈을 번다면 세상은 더 나은 곳이 될 것이다.",30대,남성,29.4600,31.9100,20.3900,15.6800,2.5600,"구조 백혈구"
"모든 사람이 동일한 금액의 돈을 번다면 세상은 더 나은 곳이 될 것이다.",40대,남성,16.2500,37.7700,26.6300,16.3700,2.9800,"구조 백혈구"
"모든 사람이 동일한 금액의 돈을 번다면 세상은 더 나은 곳이 될 것이다.",50대,남성,14.4100,41.5900,29.3500,12.0200,2.6300,"구조 백혈구"
"모든 사람이 동일한 금액의 돈을 번다면 세상은 더 나은 곳이 될 것이다.",60대,남성,19.2400,49.5300,10.7800,17.4500,3.0000,"구조 백혈구"
"모든 사람이 동일한 금액의 돈을 번다면 세상은 더 나은 곳이 될 것이다.",70대 이상,남성,10.9400,43.3000,13.3800,27.0900,5.3000,"구조 백혈구"
"모든 사람이 동일한 금액의 돈을 번다면 세상은 더 나은 곳이 될 것이다.",20대,여성,19.7300,42.1300,22.3400,13.5900,2.2100,"구조 백혈구"
"모든 사람이 동일한 금액의 돈을 번다면 세상은 더 나은 곳이 될 것이다.",30대,여성,22.6400,37.4900,22.2200,13.6600,3.9900,"구조 백혈구"
"모든 사람이 동일한 금액의 돈을 번다면 세상은 더 나은 곳이 될 것이다.",40대,여성,16.9300,47.1100,25.1000,8.1400,2.7200,"구조 백혈구"
"모든 사람이 동일한 금액의 돈을 번다면 세상은 더 나은 곳이 될 것이다.",50대,여성,16.1000,43.3400,27.1200,10.7300,2.7000,"구조 백혈구"
"모든 사람이 동일한 금액의 돈을 번다면 세상은 더 나은 곳이 될 것이다.",60대,여성,16.7800,44.5300,14.3900,18.4300,5.8600,"구조 백혈구"
"모든 사람이 동일한 금액의 돈을 번다면 세상은 더 나은 곳이 될 것이다.",70대 이상,여성,6.4900,31.1900,27.7200,28.1900,6.4100,"구조 백혈구"
"가족보다 개인의 직업적 성공이 더 중요하다.",20대,남성,6.5700,24.2900,40.2300,20.1900,8.7200,"구조 백혈구"
"가족보다 개인의 직업적 성공이 더 중요하다.",30대,남성,7.2100,23.7000,45.4100,15.2500,8.4200,"구조 백혈구"
"가족보다 개인의 직업적 성공이 더 중요하다.",40대,남성,4.0800,29.5500,43.3400,18.5500,4.4800,"구조 백혈구"
"가족보다 개인의 직업적 성공이 더 중요하다.",50대,남성,5.0400,32.6900,45.5700,13.3300,3.3700,"구조 백혈구"
"가족보다 개인의 직업적 성공이 더 중요하다.",60대,남성,11.2000,49.4800,25.2500,12.0700,1.9900,"구조 백혈구"
"가족보다 개인의 직업적 성공이 더 중요하다.",70대 이상,남성,7.1200,46.5800,23.2300,17.7200,5.3500,"구조 백혈구"
"가족보다 개인의 직업적 성공이 더 중요하다.",20대,여성,6.2600,18.3100,42.1600,25.1900,8.0700,"구조 백혈구"
"가족보다 개인의 직업적 성공이 더 중요하다.",30대,여성,6.8700,23.5300,45.3300,22.0100,2.2500,"구조 백혈구"
"가족보다 개인의 직업적 성공이 더 중요하다.",40대,여성,4.2800,23.1200,51.7000,14.6900,6.2000,"구조 백혈구"
"가족보다 개인의 직업적 성공이 더 중요하다.",50대,여성,5.3400,30.8700,51.4100,10.3700,2.0200,"구조 백혈구"
"가족보다 개인의 직업적 성공이 더 중요하다.",60대,여성,9.2400,51.6300,26.1200,11.7900,1.2100,"구조 백혈구"
"가족보다 개인의 직업적 성공이 더 중요하다.",70대 이상,여성,7.6900,43.7000,27.9700,18.9000,1.7400,"구조 백혈구"